<?xml version="1.0"?>
<!--<!DOCTYPE metadata SYSTEM "http://www.esri.com/metadata/esriprof80.dtd">-->
<metadata xml:lang="en"><Esri><CreaDate>20150316</CreaDate><CreaTime>13213700</CreaTime><SyncOnce>TRUE</SyncOnce><DataProperties><lineage><Process ToolSource="C:\Program Files\ArcGIS\ArcToolbox\Toolboxes\Data Management Tools.tbx\DefineProjection" Date="20090401" Time="085119">DefineProjection cities GEOGCS['GCS_WGS_1984',DATUM['D_WGS_1984',SPHEROID['WGS_1984',6378137.0,298.257223563]],PRIMEM['Greenwich',0.0],UNIT['Degree',0.0174532925199433]] cities</Process></lineage><itemProps><itemLocation><linkage Sync="TRUE">file://\\TOMASZEWSKI\C$\RIT\TEACHING\Visual_Analytics\Assignments\Assignment_6_Geographic_Information\data_sets\cities</linkage><protocol Sync="TRUE">Local Area Network</protocol></itemLocation></itemProps><copyHistory><copy source="C:\RIT\TEACHING\ISTE_151H_Honors_Seminar\Lectures\Lecture_2ab\L2A_hands_on_materials\data\cities" dest="\\TOMASZEWSKI\C$\RIT\TEACHING\Visual_Analytics\Assignments\Assignment_6_Geographic_Information\data_sets\cities" date="20150316" time="13213700"></copy></copyHistory></DataProperties><ArcGISstyle>ISO 19139 Metadata Implementation Specification</ArcGISstyle></Esri></metadata>
