<?xml version="1.0"?>
<!--<!DOCTYPE metadata SYSTEM "http://www.esri.com/metadata/esriprof80.dtd">-->
<metadata xml:lang="en"><Esri><CreaDate>20150316</CreaDate><CreaTime>12223400</CreaTime><SyncOnce>TRUE</SyncOnce><ArcGISstyle>ISO 19139 Metadata Implementation Specification</ArcGISstyle><DataProperties><itemProps><itemLocation><linkage Sync="TRUE">file://\\TOMASZEWSKI\C$\RIT\TEACHING\Visual_Analytics\Assignments\Assignment_6_Geographic_Information\data_sets\wat_l</linkage><protocol Sync="TRUE">Local Area Network</protocol></itemLocation></itemProps><copyHistory><copy source="C:\RIT\TEACHING\Intro_to_GIS\Datasets\world_water\wat_l" dest="\\TOMASZEWSKI\C$\RIT\TEACHING\Visual_Analytics\Assignments\Assignment_6_Geographic_Information\data_sets\wat_l" date="20150316" time="12223400"></copy></copyHistory></DataProperties></Esri><idinfo><citation><citeinfo><onlink Sync="TRUE">\\G-HC03059\C$\world_premium_oct2004\wat</onlink></citeinfo></citation></idinfo><distInfo><distributor><distorTran><onLineSrc><linkage Sync="TRUE">file://\\G-HC03059\C$\world_premium_oct2004\wat</linkage><protocol Sync="TRUE">Local Area Network</protocol></onLineSrc></distorTran></distributor></distInfo><dataqual><lineage><procstep><procdesc Sync="TRUE">Dataset copied.</procdesc><srcused Sync="TRUE">c:\world5m_oct2004_acc\wat</srcused><date Sync="TRUE">20040930</date><time Sync="TRUE">15512400</time></procstep></lineage></dataqual></metadata>
